Story ID,Prediction,Rationale
2,0,"The backstory context states Paganel picked up basic Spanish by befriending a Spanish-speaking caretaker and helping him compose letters. The story passages, however, describe Paganel's recent, mistaken attempt to learn Spanish by studying Portugu..."
3,1,"No contradictions found. The provided story passages do not mention the character Jacques Paganel at all. Therefore, there is no information regarding his mother's death or any immediate events involving him following such a death."
7,1,"No contradictions found. The provided story passages detail Jacques Paganel's current scientific affiliations, his reputation as a geographer, and his plans for a future scientific mission to India."
15,1,"No contradictions found: The story passages demonstrate Paganel's profound knowledge of Indian tribes, their leaders, customs, and history on the Pampas."
16,1,"No contradictions found. The provided story passages do not mention the character Jacques Paganel at all, nor do they contain any information about his birthplace or any details that could be linked to him."
21,1,"No contradictions found: The provided story passages do not contain any information about Jacques Paganel serving on a Royal Navy frigate as a young sailor, nor do they mention the name of such a ship."
22,1,"No contradictions found. The story passages extensively detail Jacques Paganel's identity as a geographer and his specific scientific mission. However, they contain no information whatsoever that addresses whether he secretly ferried items to civi..."
24,1,"No contradictions found: The provided story passages discuss Jacques Paganel's role as a geographer, his interpretations of shipwreck documents, and his arguments regarding the location of the Britannia's shipwreck (from Patagonia to Australia)."
27,1,"No contradictions found: The story passages provided do not contain any information whatsoever regarding Tom Ayrton/Ben Joyce's age when he ran away to the docks, or any details about his childhood."
28,1,"No contradictions found: The provided story passages confirm that Ben Joyce and Ayrton are the same person, referring to him as 'the sailor called Ayrton, quartermaster of the Britannia."
30,1,The backstory states that Tom Ayrton/Ben Joyce became second mate within three years thanks to his 'sailing skill'. The passages confirm he was a 'sailor of the Britannia' and a 'famous quartermaster on board the Britannia'.
33,1,"No contradictions found. The passages confirm Ayrton's presence as quartermaster on Captain Grant's ship, thus establishing he was part of the crew. However, there is no direct statement or implicit detail describing *how* he joined the crew, spec..."
37,1,"No contradictions found. The provided story passages extensively discuss Tom Ayrton/Ben Joyce's identity, his role as a quartermaster on the Britannia, his treachery, and his leadership of a convict band."
38,1,"No contradictions found. The story passages describe Tom Ayrton/Ben Joyce's criminal activities, his identity as Ayrton/Ben Joyce, and his current role as a convict leader."
42,1,"The story passages explicitly confirm that Tom Ayrton was 'engaged as quartermaster' on the 'brig Britannia of Glasgow,' supported by a contract. This directly confirms he accepted a berth on the Britannia."
44,1,"No contradictions found. The story passages confirm Ayrton is placed in solitude. However, they only describe his outward calm demeanor and acceptance at the *moment* of abandonment."
47,1,"No contradictions found. The provided story passages describe Thalcave's skills, his role as a guide, and his interactions with the travelers, but they contain no information about his family, his father, or the circumstances of his father's death..."
49,1,"While the passages do not specifically mention pumas or 'trailing' them, they strongly imply Thalcave's deep familiarity and acute senses regarding large, dangerous wild animals (like jaguars, which are similar to pumas)."
51,1,"No contradictions found. The provided story passages introduce Thalcave, describe his skills as a guide and his name's meaning, his actions in treating Robert, and his negotiation for supplies."
52,1,"The backstory states that Thalcave trapped a black stallion named Thaouka. The story passages frequently mention a horse named Thaouka in direct association with Thalcave, depicting him as its master and highly familiar with its abilities."
53,1,"The backstory describes a bond 'deeper than master and beast.' The story passages directly support this by showing Thalcave's unique and intimate knowledge of Thaouka, to the point where he asserts 'he alone knew Thaouka well enough' to handle the..."
56,0,"The backstory context for the question states that Thalcave predicted an 'earthquake'. However, the story passages describe Thalcave predicting a 'pampero' (a violent wind/storm) based on his observation of the sky."
58,1,"No contradictions found. The character Thalcave is not mentioned in the provided story passages. Although a 'Patagonian' is mentioned as speaking Spanish, there is no information whatsoever about who taught this individual any of the specified sub..."
59,1,"No contradictions found. The provided story passages describe Thalcave's current role as a guide and baqueano, his skills with firearms and healing, and his actions during the events of the story."
60,1,"No contradictions found. The story passages describe an avalanche event and introduce the character Thalcave, showing him assisting individuals *after* an avalanche."
61,1,"No contradictions found. The provided story passages discuss Thalcave's role as a guide, his pride, his name's meaning, and his actions during the expedition."
64,1,"No contradictions found. The provided story passages do not mention the character Thalcave at all, nor do they refer to any 'south-latitude incident' or its location."
70,1,"No contradictions found: The story passages refer to Kai-Koumou as 'the chief' and describe his activities and possessions, but they do not provide any details whatsoever about the specific events or circumstances of how he earned his chieftainshi..."
72,1,"No contradictions found. The provided story passages describe Kai-Koumou's interactions with Glenarvan and Kara-Tété, focusing on the proposed exchange of English prisoners for the Maori high-priest Tohonga."
75,1,The backstory states Kai-Koumou had 'an extraordinary memory for geographical knowledge.' The story passages support this by showing him consistently demonstrating accurate and detailed geographical knowledge.
77,1,"No contradictions found. The provided story passages describe Kai-Koumou as a current chief, detailing his character, his actions in the narrative (capturing Glenarvan and his companions), and his reputation."
78,1,"No contradictions found. The provided story passages describe Kai-Koumou as a chief, his actions, his reputation for cruelty, and his plans for his captives."
80,1,"No contradictions found. The story passages offer no information concerning Kai-Koumou's learning or training in tactics, spear-craft, or jungle tracking, nor do they mention anyone who might have taught him these skills."
81,1,"No contradictions found. The provided story passages describe Kai-Koumou's current activities as a chief, leading his warriors, holding captives, and his interactions with other chiefs."
82,1,The backstory states Kai-Koumou 'pieced together enough words for rough conversation' in English. The story passages explicitly show Kai-Koumou speaking English and forming questions like 'You are English?' and 'And your companions?' during his in...
85,1,No contradictions found. The story passages contain no information about a 'missing captain's daughter' or Kai-Koumou volunteering to take any action regarding her.
86,0,"The backstory states that a 'fragile trust grew between them during their stand-off'. The story passages describe a specific event (Glenarvan killing Kara-Tété) during what could be considered a 'stand-off', where Kai-Koumou acts to prevent Glenar..."
87,1,"The backstory states Noirtier developed a 'lifelong revulsion for the old regime.' The story passages consistently portray Noirtier as a Bonapartist and associated with revolutionary principles, which are inherently opposed to the old regime (mona..."
91,1,The backstory states Noirtier organized the assassination of 'royalist deputies.' The story passages describe Noirtier's strong implied involvement in the assassination of M.
93,1,"No contradictions found: The passages confirm Noirtier's strong Bonapartist allegiance and his significant influence under Napoleon, consistent with the backstory's premise."
94,1,"No contradictions found. The provided passages describe the illnesses and deaths of Madame de Saint-Méran and Barrois, and mention Noirtier's current state as 'immovably fixed' and unable to move or speak."
95,1,No contradictions found: The passages establish Noirtier as Villefort's father and highlight Villefort's ambition and willingness to sacrifice even his father.
97,1,"The backstory states Noirtier's poison mastery let him 'recognise Barrois’ symptoms instantly'. While the passages do not explicitly use the words 'instantly recognize symptoms' from Noirtier's perspective, they strongly imply it."
101,1,"The backstory states Noirtier joined 'a radical republican cell.' The story passages identify Noirtier as a 'Girondin.' The Girondins were a major political faction during the French Revolution, advocating for a republican form of government."
103,0,The backstory context states that Noirtier distanced himself from former comrades and grew wary of power's corruption *as Napoleon climbed toward dictatorship*.
110,0,"The backstory states Noirtier was 'rereading them alone while he weighed his past.' The story passages contradict this by showing Noirtier orchestrating the public reading of a significant historical document from his past, in the presence of mult..."
111,0,"The backstory states Noirtier's bodily strength 'ebbed,' implying a decline but not total loss. However, the story passages consistently depict him as completely paralyzed, utterly immobile, and incapable of any physical movement, requiring others..."
114,1,"No contradictions found: The provided story passages introduce Faria and discuss his arrest, political views, and claims of treasure. However, neither passage contains any information about Faria's education, specifically when or if he entered Bol..."
115,1,"No contradictions found. The backstory explicitly states Faria was a 'Jesuit novice.' The provided story passages refer to Faria as 'the abbé' and detail his past roles as secretary and intimate friend to Cardinal Spada, and tutor to the cardinal'..."
119,1,"No contradictions found: The provided story passages discuss Faria's current state of imprisonment and his cell/dungeon, but they offer no details whatsoever regarding the specific location where he was *first* confined."
121,1,"No contradictions found. The provided story passages detail Faria's interactions with Edmond Dantès, his health issues, and his recount of his past with Cardinal Spada."
124,1,"No contradictions found: The character Faria is mentioned in one passage, but only in reference to Dantès' development ('acquired during his acquaintance with Faria')."
127,1,"No contradictions found: The provided story passages describe Faria's illness and his interactions with Dantès, but they do not contain any information regarding the duration of Faria's confinement in his cell."
129,1,"The backstory states Faria learned to carve fish-bone pen-nibs, indicating a skill in carving fish-bone into useful objects. The story passage confirms this general ability by showing Faria created a 'long, sharp fish-bone' into a 'needle, with a ..."
131,1,The backstory states Faria was born to a 'declining Italian noble house.' The story passages indicate Faria inherited from the 'last Count of Spada' and describes the 'Spada family' as 'one of the oldest and most powerful families of the fifteenth...
132,1,The backstory states Faria was publishing notes on 'history and natural philosophy'. The story passages provide strong evidence that Faria possessed deep knowledge and actively produced significant intellectual work in precisely these fields.
133,1,"No contradictions found. The story passages contain no information whatsoever about Faria attending lectures of any type, which would be necessary to evaluate consistency with the backstory regarding lectures contributing to his convictions."
135,0,"The backstory states Faria was imprisoned in 1796 due to a failed coup. However, the story passages explicitly state Faria's imprisonment began 'toward the beginning of the year 1811' due to his political ambitions and a betrayal related to his 18..."
136,0,"The backstory states that Faria lived quietly on a small island from 1800 onward. The story passages, however, describe Faria as being in a dungeon, expressing his 'wretched existence' and suffering during his dying moments."
140,0,"The backstory states that Faria's 'friendships forged in secret cells and exile sustained him.' While his friendship with Edmond Dantès was indeed forged in a secret cell and sustained him, Faria also explicitly describes an 'intimate friendship' ..."
